{
    "***///**/": 0.9473104261464769,
    "***///*//": 0.9375543702934628,
    "*****////": 0.9473104261464769,
    "****/////": 0.921143014546628,
    "****//*//": 0.9473104261464769,
    "***++--//": 0.8303328303948418,
    "+++--**//": 0.946867127494155,
    "**/***///": 0.9473104261464769,
    "**/**/*//": 0.9156373807917397,
    "**/+-**//": 0.9162817829187979,
    "**/+-*+-/": 0.9182261200076782,
    "+-****///": 0.9473104261464769,
    "+-*+*/-*/": 0.9129632468995839,
    "+-*///***": 0.8888733731444227,
    "+-***/*//": 0.9471946304740362,
    "+-*+-**//": 0.9472972903097123,
    "+-*+-*+-/": 0.9462635863224589,
    "+-**//**/": 0.9020857782776224,
    "+-*++--*/": 0.9440905920204796,
    "-**///**/": 0.8506217052585618,
    "-****////": 0.9475268120318903,
    "++--**///": 0.8320885921542924,
    "++--***//": 0.8320440304149508,
    "++--*/**/": 0.8320440304149508,
    "+****////": 0.9412141926127826,
    "+**+-/-*/": 0.8450221999904253,
    "+--***///": 0.831012218954351,
    "+--+-**//": 0.8985473220688722,
    "+--+-*+-/": 0.8975963526630693,
    "+--+***//": 0.9376397315487752,
    "+--+**+-/": 0.9309844035087587
}