{
    "***///**/": 0.9387264867776001,
    "***///*//": 0.9295242682987133,
    "*****////": 0.9387264867776001,
    "****/////": 0.9140497865493528,
    "****//*//": 0.9387264867776001,
    "+++--**//": 0.9383096500805903,
    "**/***///": 0.9387264867776001,
    "**/**/*//": 0.9090224843555184,
    "**/+-**//": 0.9084945151514093,
    "**/+-*+-/": 0.9109938247118958,
    "+-****///": 0.9387264867776001,
    "+-*+*/-*/": 0.8970087144831874,
    "+-*///***": 0.8836459457632055,
    "+-***/*//": 0.9386124051640308,
    "+-*+-**//": 0.9387593826410259,
    "+-*+-*+-/": 0.9377809166207158,
    "+-**//**/": 0.8960643797120597,
    "+-*++--*/": 0.9335943518712029,
    "-**///**/": 0.8509723815324289,
    "-****////": 0.9389294204327603,
    "+****////": 0.9329456201848303,
    "+--+-**//": 0.8876641142071152,
    "+--+-*+-/": 0.8864083928742423,
    "+--+***//": 0.9296570062450532,
    "+--+**+-/": 0.9234154167304264
}