{
    "***+*/-//": 0.8967759600246423,
    "***///**/": 0.9503086872597079,
    "***///*//": 0.9470185839368221,
    "*****////": 0.9503086872597079,
    "****/////": 0.9303506225890383,
    "****//*//": 0.9503086872597079,
    "***++--//": 0.8475579853577964,
    "+++--**//": 0.9503167012769145,
    "**/***///": 0.9503086872597079,
    "**/--*+//": 0.9411321787938942,
    "**/**/*//": 0.916415701856832,
    "**/**/+-/": 0.8523398605868637,
    "**/++*-//": 0.8145663632007667,
    "**/+-**//": 0.9168249748659061,
    "**/+-*+-/": 0.9199042059396432,
    "**/-*/+*/": 0.8409340356041395,
    "**/-*/+//": 0.8411833349325595,
    "**/++-+--": 0.8547117956749861,
    "**/+--*//": 0.8429622671496126,
    "**/+--+-/": 0.8352778624926253,
    "+-****///": 0.9503086872597079,
    "+-*--*+//": 0.8995139982202752,
    "+-*+*/-*/": 0.9220622362070005,
    "+-*///***": 0.885990102494731,
    "+-***////": 0.8152011027114373,
    "+-***/*//": 0.9502022532627985,
    "+-*+-**//": 0.9503086872597079,
    "+-*+-*+-/": 0.9503086872597079,
    "+-**//**/": 0.9007480290881176,
    "+-*+-/-*/": 0.8187970181145269,
    "+-*++--*/": 0.9502234425738443,
    "-**///**/": 0.8637545786011707,
    "-**///+-*": 0.8360894286090494,
    "-****////": 0.9505804060062036,
    "-***//*//": 0.8360894286090494,
    "-***//+-/": 0.8670106675176859,
    "*//****//": 0.8138150629517438,
    "*//++*--*": 0.8102539530426449,
    "*//++*--/": 0.8102539530426449,
    "*//+-*-*/": 0.8639246100332801,
    "*//+-*+--": 0.868869896125676,
    "*//-***//": 0.8354023094948129,
    "*//-**+-/": 0.8350223275402638,
    "++-**/-*/": 0.8197453069332667,
    "++-**/+--": 0.8382676845894084,
    "++----+*/": 0.8359914344121693,
    "++--**///": 0.8529690296705432,
    "++--***//": 0.8529512172032736,
    "++--**+-/": 0.8357345343029601,
    "++--*/**/": 0.8529512172032736,
    "++-+--+--": 0.8359894425946389,
    "+**--*+//": 0.8527619960298446,
    "+**///**/": 0.8267541796410856,
    "+****////": 0.9439232366255288,
    "+**+-/-*/": 0.8644520441532483,
    "+--***///": 0.8481924690813998,
    "+--++*-//": 0.8322267095625984,
    "+--++*-*/": 0.8322267095625984,
    "+--+-**//": 0.9052703496203395,
    "+--+-*+-/": 0.9083381997984136,
    "+---*/+*/": 0.8360894286090494,
    "+---*/++-": 0.8548545732979345,
    "+--+***//": 0.9409020339518852,
    "+--+**+-/": 0.9351661992139471
}